策略名称,持有天数,交易次数,胜率(>0%),胜率(>1%),平均收益率(%),最大收益率(%),最大亏损率(%),中位数收益率(%),标准差(%),夏普比率,最大回撤(%),卡玛比率,盈亏比,平均盈利(%),平均亏损(%),胜率p值,收益CI下界,收益CI上界
均线金叉+量能确认,5,51403,38.63,30.78,-0.6226,132.8884,-37.5472,-1.2224,7.0658,-0.6654,-88.51,-0.3545,0.7668,5.2993,-4.3502,1.0,-0.6831,-0.5603
均线金叉+量能确认,10,50788,45.01,38.78,0.1432,337.0794,-64.3033,-0.828,10.1864,0.0315,-90.43,0.0399,1.0443,7.4983,-5.8776,1.0,0.0555,0.2313
均线金叉+量能确认,15,50021,46.94,42.0,0.686,763.9528,-66.6275,-0.5814,12.7828,0.1818,-88.97,0.1295,1.1877,9.2481,-6.888,1.0,0.5743,0.8005
均线金叉+量能确认,20,49031,48.33,44.37,1.2731,1056.3068,-76.9807,-0.3958,15.48,0.2555,-87.14,0.1841,1.3047,11.2783,-8.0859,1.0,1.1373,1.4107
均线金叉+量能确认,30,47712,49.63,46.33,2.6165,1032.9918,-80.15,-0.0716,18.7608,0.3674,-80.66,0.2725,1.585,14.2853,-8.8798,0.948429,2.4556,2.7878
均线金叉+量能确认,40,46505,51.47,48.45,4.2111,981.3845,-85.221,0.493,21.7499,0.4493,-73.71,0.3599,1.9305,16.9743,-9.3262,0.0,4.0136,4.4105
均线金叉+量能确认,50,44361,53.18,50.45,5.8697,1107.6521,-88.3856,1.1503,24.4331,0.5029,-34.22,0.8645,2.3539,19.1896,-9.2594,0.0,5.6461,6.0971
均线金叉+量能确认,60,42139,55.33,52.66,7.4756,977.3241,-80.0698,1.9554,27.147,0.5284,-36.88,0.8514,2.7552,21.2073,-9.5355,0.0,7.2225,7.7336
箱体底部反弹,5,51768,49.49,39.57,0.4161,142.75,-56.1418,-0.0704,6.0984,0.4382,-79.17,0.2649,1.2297,4.5022,-3.5871,0.990081,0.3639,0.4688
箱体底部反弹,10,50729,53.14,46.23,1.2787,299.741,-61.8374,0.4526,8.8667,0.679,-70.46,0.4573,1.5611,6.695,-4.8637,0.0,1.2014,1.3547
箱体底部反弹,15,47480,54.52,49.06,2.1405,234.2611,-77.805,0.8292,11.0951,0.7467,-75.79,0.4745,1.8076,8.7884,-5.8277,0.0,2.0452,2.2413
箱体底部反弹,20,46867,58.66,54.17,3.7777,301.9113,-77.5109,1.9106,13.4471,0.9553,-80.83,0.5889,2.4199,10.9751,-6.4358,0.0,3.6571,3.8989
箱体底部反弹,30,44545,61.84,57.95,5.4903,305.3445,-82.902,3.0511,16.8431,0.9038,-78.74,0.5857,2.9768,13.3702,-7.2774,0.0,5.335,5.6471
箱体底部反弹,40,43504,63.86,60.44,7.4963,375.0402,-88.0052,4.2992,19.8209,0.9091,-61.75,0.7649,3.6153,16.228,-7.9303,0.0,7.3079,7.6817
箱体底部反弹,50,42296,63.43,60.32,8.7151,409.698,-80.9531,4.5472,22.1907,0.8415,-36.37,1.2077,3.9673,18.3703,-8.0312,0.0,8.5035,8.9257
箱体底部反弹,60,38549,66.05,63.41,11.2489,505.4552,-86.7016,6.1186,25.2791,0.8733,-37.12,1.2726,4.9609,21.3295,-8.366,0.0,10.9986,11.4982
连跌反弹,5,89405,44.53,37.01,-0.1684,111.5674,-41.2284,-0.6953,7.281,-0.2029,-82.67,-0.1027,0.9353,5.4672,-4.6933,1.0,-0.2167,-0.1193
连跌反弹,10,88730,48.94,43.57,0.384,299.741,-61.8374,-0.1927,10.6902,0.1431,-87.48,0.1106,1.1096,7.944,-6.8632,1.0,0.3147,0.4551
连跌反弹,15,84896,48.91,44.72,1.1288,317.1681,-61.3737,-0.2446,12.7995,0.3233,-91.27,0.2078,1.2961,10.1006,-7.4613,1.0,1.0446,1.2148
连跌反弹,20,83652,51.09,47.46,2.5508,460.324,-69.0976,0.2966,15.0015,0.566,-90.01,0.3571,1.668,12.466,-7.808,0.0,2.4498,2.6517
连跌反弹,30,79624,54.28,51.18,4.664,443.9313,-73.7536,1.3854,19.0821,0.6722,-88.25,0.4439,2.1803,15.8716,-8.6435,0.0,4.5325,4.7955
连跌反弹,40,77129,56.43,53.79,6.6277,383.9616,-77.8377,2.4156,22.2473,0.7119,-88.17,0.4736,2.6404,18.9056,-9.2726,0.0,6.4733,6.781
连跌反弹,50,75618,58.27,55.61,7.8664,1085.9869,-80.9531,3.1204,24.6436,0.6805,-63.16,0.6278,3.0046,20.2359,-9.4025,0.0,7.6889,8.0439
连跌反弹,60,73915,56.42,53.92,8.2872,1154.4619,-82.6848,2.5695,26.7365,0.5987,-34.6,1.0059,2.9492,22.2241,-9.756,0.0,8.0955,8.4754
多指标共振,5,15893,40.53,32.67,-0.3126,132.8884,-39.2428,-1.0951,6.7698,-0.3694,-82.84,-0.1902,0.871,5.2101,-4.076,1.0,-0.4181,-0.208
多指标共振,10,15731,45.76,39.76,0.3977,156.3137,-53.8589,-0.7676,9.8248,0.1627,-83.33,0.1203,1.13,7.5576,-5.642,1.0,0.2475,0.5503
多指标共振,15,15506,48.98,44.07,1.1242,173.3475,-61.007,-0.2296,11.7086,0.3519,-81.65,0.2313,1.3378,9.0906,-6.524,0.994421,0.943,1.3089
多指标共振,20,15197,49.99,45.92,1.5831,227.9688,-62.6893,-0.0031,13.7467,0.3678,-87.6,0.2277,1.4144,10.8088,-7.639,0.509708,1.3686,1.8092
多指标共振,30,14636,50.03,46.79,2.5651,228.6574,-74.6017,0.0166,17.0213,0.3962,-89.88,0.2397,1.595,13.7426,-8.6289,0.467061,2.2876,2.8429
多指标共振,40,14211,52.4,49.29,4.2224,294.6331,-80.098,0.7564,20.0307,0.4893,-78.92,0.3371,1.9993,16.1205,-8.8771,0.0,3.9013,4.5532
多指标共振,50,13245,55.45,52.56,6.6444,354.94,-84.589,1.8987,23.1076,0.607,-53.36,0.6276,2.7027,19.0212,-8.7589,0.0,6.2463,7.0371
多指标共振,60,12093,58.12,55.54,8.6198,384.8837,-77.7087,3.0907,26.0741,0.64,-35.17,1.0295,3.2147,21.5291,-9.2927,0.0,8.1511,9.0856
